{"final_l0":2,"step":49900,"_step":499,"loss":8.99476432800293,"_timestamp":1.7700343410918992e+09,"_wandb":{"runtime":698},"effective_l0":2,"_runtime":698,"final_loss":8.849895477294922}