{"_step":499,"loss":11.644286155700684,"final_l0":1,"_timestamp":1.7700371604952133e+09,"final_loss":11.54493522644043,"_wandb":{"runtime":658},"_runtime":658,"step":49900,"effective_l0":1}