{"_step":499,"_runtime":660,"final_l0":2,"loss":8.999295234680176,"final_loss":8.896944046020508,"_wandb":{"runtime":660},"_timestamp":1.770037163498055e+09,"effective_l0":2,"step":49900}