{"final_loss":6.956196308135986,"final_l0":4,"_runtime":721,"_timestamp":1.7700372437197173e+09,"step":49900,"_step":499,"loss":6.987046718597412,"effective_l0":4,"_wandb":{"runtime":721}}