{"_step":499,"loss":9.011497497558594,"_runtime":692,"effective_l0":2,"_timestamp":1.7700350582564452e+09,"final_loss":8.891572952270508,"step":49900,"_wandb":{"runtime":692},"final_l0":2}