{"step":49900,"_wandb":{"runtime":635},"_runtime":635,"_timestamp":1.7700351385461519e+09,"final_l0":4,"effective_l0":4,"loss":6.912078857421875,"final_loss":6.833676338195801,"_step":499}