{"_wandb":{"runtime":653},"effective_l0":1,"step":49900,"final_l0":1,"final_loss":11.205070495605469,"loss":11.347780227661133,"_runtime":653,"_step":499,"_timestamp":1.770035817168883e+09}