{"_step":499,"final_l0":4,"_runtime":645,"_timestamp":1.770035804261696e+09,"final_loss":7.034127235412598,"step":49900,"_wandb":{"runtime":645},"loss":7.009174346923828,"effective_l0":4}