{"effective_l0":2,"_wandb":{"runtime":650},"final_l0":2,"_timestamp":1.7700364790274243e+09,"loss":8.979497909545898,"_step":499,"_runtime":650,"step":49900,"final_loss":8.80849552154541}