{"step":49900,"_timestamp":1.7700364861804132e+09,"_runtime":650,"_step":499,"loss":6.86249303817749,"final_l0":4,"_wandb":{"runtime":650},"effective_l0":4,"final_loss":6.86037540435791}