{"_step":499,"_runtime":642,"final_l0":1,"final_loss":11.422988891601562,"effective_l0":1,"step":49900,"_timestamp":1.7700351458613846e+09,"loss":11.40769100189209,"_wandb":{"runtime":642}}