{"_timestamp":1.7700379687561946e+09,"final_loss":8.841726303100586,"final_l0":2,"effective_l0":2,"_step":499,"step":49900,"loss":8.93239974975586,"_wandb":{"runtime":703},"_runtime":703}