{"final_l0":1,"_wandb":{"runtime":710},"loss":11.358236312866211,"_timestamp":1.7700364999752884e+09,"_runtime":710,"effective_l0":1,"step":49900,"final_loss":11.214286804199219,"_step":499}