{"final_loss":11.496588706970215,"_runtime":648,"final_l0":1,"loss":11.625497817993164,"_timestamp":1.7700344806439714e+09,"_step":499,"effective_l0":1,"_wandb":{"runtime":648},"step":49900}