{"final_loss":8.848868370056152,"loss":8.917518615722656,"_wandb":{"runtime":685},"_step":499,"effective_l0":2,"step":49900,"_timestamp":1.7700357684146101e+09,"final_l0":2,"_runtime":685}