{"effective_l0":4,"step":49900,"_timestamp":1.7700344799607222e+09,"final_l0":4,"_wandb":{"runtime":648},"_step":499,"loss":6.926668167114258,"final_loss":6.947267055511475,"_runtime":648}