{"effective_l0":1,"step":49900,"_wandb":{"runtime":638},"_runtime":638,"_step":499,"loss":11.406049728393555,"_timestamp":1.7700378206203573e+09,"final_l0":1,"final_loss":11.429333686828613}