{"loss":11.358246803283691,"_step":499,"_timestamp":1.7700378333160565e+09,"step":49900,"effective_l0":1,"final_l0":1,"_runtime":651,"final_loss":11.214286804199219,"_wandb":{"runtime":651}}